<?xml version="1.0" ?><job><property name="user.input.dir"><string>C:\wong\tech_writing\sample_output\audio_technica\at_dac100</string></property><property name="transtypes"><string>pdf;pdf2;docx;metrics-report;metrics-report-xml;webhelp-responsive;exportmap;html5;merged;pdf-css-html5;pdf-css-html5-single-topic;pdf-css-html5-preprocess2;pdf-css-html5-single-topic-preprocess2;webhelpCommons;webhelp-responsive-preprocess2;xhtml;zendesk-xhtml;eclipsehelp;htmlhelp;javahelp;dita;troff;indesign;epub;html2;json;kindle;word2dita;markdown;markdown_github;markdown_gitbook</string></property><property name="plugin.org.dita4publishers.common.html.dir"><string>plugins/org.dita4publishers.common.html</string></property><property name="plugin.com.oxygenxml.webhelp.common.dir"><string>plugins/com.oxygenxml.webhelp.common</string></property><property name="parser.md"><string>com.elovirta.dita.markdown.MarkdownReader</string></property><property name="plugin.org.dita.specialization.dita11.dir"><string>plugins/org.dita.specialization.dita11</string></property><property name="parser.wikidocs.features"><string>http://lwdita.org/sax/features/shortdesc-paragraph=true</string></property><property name="plugin.com.oxygenxml.image.float.dir"><string>plugins/com.oxygenxml.image.float</string></property><property name="parser.hdita"><string>com.elovirta.dita.html.HDitaReader</string></property><property name="cli.color"><string>true</string></property><property name="plugin.org.dita.xhtml.dir"><string>plugins/org.dita.xhtml</string></property><property name="plugin.org.dita-community.dita13.html.dir"><string>plugins/org.dita-community.dita13.html</string></property><property name="plugin.com.oxygenxml.common.dir"><string>plugins/com.oxygenxml.common</string></property><property name="plugin.org.dita-community.preprocess-extensions.dir"><string>plugins/org.dita-community.preprocess-extensions</string></property><property name="plugin.com.elovirta.pdf.dir"><string>plugins/com.elovirta.pdf</string></property><property name="supported_html_extensions"><string>.html;.htm</string></property><property name="otrelease"><string>4.1</string></property><property name="supported_image_extensions"><string>.gif;.svg;.bmp;.jpg;.tif;.mml;.mathml;.eps;.jpeg;.png;.tiff</string></property><property name="InputMapDir"><string>C:\wong\tech_writing\sample_output\audio_technica\at_dac100\_b_user_manual.ditamap</string></property><property name="parser.openapi-to-dita"><string>com.oxygenxml.dynamic.resources.converter.OpenAPIConverterReader</string></property><property name="plugin.org.dita.troff.dir"><string>plugins/org.dita.troff</string></property><property name="user.input.dir.uri"><string>file:/C:/wong/tech_writing/sample_output/audio_technica/at_dac100/</string></property><property name="plugin.org.dita.html5.dir"><string>plugins/org.dita.html5</string></property><property name="parser.ms-word-to-dita"><string>com.oxygenxml.dynamic.resources.converter.WordConverterReader</string></property><property name="plugin.org.dita-community.adjust-copy-to.dir"><string>plugins/org.dita-community.adjust-copy-to</string></property><property name="plugin.org.dita.eclipsehelp.dir"><string>plugins/org.dita.eclipsehelp</string></property><property name="outputdir"><string>C:\wong\tech_writing\sample_output\audio_technica\at_dac100\out\pdf-css-html5</string></property><property name="plugin.org.dita.htmlhelp.dir"><string>plugins/org.dita.htmlhelp</string></property><property name="temp-file-name-scheme"><string>org.dita.dost.module.reader.DefaultTempFileScheme</string></property><property name="plugin.org.dita4publishers.html2.dir"><string>plugins/org.dita4publishers.html2</string></property><property name="plugin.com.oxygenxml.editlink.dir"><string>plugins/com.oxygenxml.editlink</string></property><property name="user.input.file.listfile"><string>usr.input.file.list</string></property><property name="outercontrol"><string>WARN</string></property><property name="relflagimagefile"><string>relflagimage.list</string></property><property name="default.coderef-charset"><string>UTF-8</string></property><property name="plugin.com.oxygenxml.highlight.dir"><string>plugins/com.oxygenxml.highlight</string></property><property name="plugin.org.dita.normalize.dir"><string>plugins/org.dita.normalize</string></property><property name="plugin.com.oxygenxml.specialization.qa.dir"><string>plugins/com.oxygenxml.specialization.qa</string></property><property name="plugin.org.oasis-open.dita.techcomm.v2_0.dir"><string>plugins/org.oasis-open.dita.techcomm.v2_0</string></property><property name="plugin.com.oxygenxml.export.map.dir"><string>plugins/com.oxygenxml.export.map</string></property><property name="plugin.org.dita4publishers.word2dita.dir"><string>plugins/org.dita4publishers.word2dita</string></property><property name="plugin.org.dita.pdf2.fop.dir"><string>plugins/org.dita.pdf2.fop</string></property><property name="parser.markdown-to-dita"><string>com.oxygenxml.dynamic.resources.converter.MarkdownConverterReader</string></property><property name="plugin.org.lwdita.dir"><string>plugins/org.lwdita</string></property><property name="plugin.com.oxygenxml.media.dir"><string>plugins/com.oxygenxml.media</string></property><property name="tempdirToinputmapdir.relative.value"><string></string></property><property name="parser.word-to-dita"><string>com.oxygenxml.dynamic.resources.converter.WordConverterReader</string></property><property name="plugin.com.oxygenxml.webhelp.responsive.dir"><string>plugins/com.oxygenxml.webhelp.responsive</string></property><property name="plugin.org.oasis-open.dita.v1_3.dir"><string>plugins/org.oasis-open.dita.v1_3</string></property><property name="plugin.com.oxygenxml.merged.dir"><string>plugins/com.oxygenxml.merged</string></property><property name="parser.ms-excel-to-dita"><string>com.oxygenxml.dynamic.resources.converter.ExcelConverterReader</string></property><property name="uplevels"><string></string></property><property name="crawl"><string>topic</string></property><property name="plugin.com.oxygenxml.pdf.custom.dir"><string>plugins/com.oxygenxml.pdf.custom</string></property><property name="user.input.file"><string>_b_user_manual.ditamap</string></property><property name="plugin.org.dita-community.common.mapdriven.dir"><string>plugins/org.dita-community.common.mapdriven</string></property><property name="plugin.org.dita.pdf2.dir"><string>plugins/org.dita.pdf2</string></property><property name="print_transtypes"><string>pdf-css-html5;pdf;pdf2;pdf-css-html5-single-topic-preprocess2;pdf-css-html5-preprocess2;pdf-css-html5-single-topic;docx</string></property><property name="onlytopicinmap"><string>false</string></property><property name="supported_resource_extensions"><string>.pdf;.swf</string></property><property name="plugin.org.dita.index.dir"><string>plugins/org.dita.index</string></property><property name="plugin.com.oxygenxml.pdf.review.dir"><string>plugins/com.oxygenxml.pdf.review</string></property><property name="plugin.org.dita.javahelp.dir"><string>plugins/org.dita.javahelp</string></property><property name="plugin.com.elovirta.ooxml.dir"><string>plugins/com.elovirta.ooxml</string></property><property name="relflagimagelist"><string></string></property><property name="plugin.order"><string>org.dita.base org.oasis-open.dita.v1_3 org.oasis-open.dita.v1_2</string></property><property name="plugin.com.oxygenxml.pdf.css.dir"><string>plugins/com.oxygenxml.pdf.css</string></property><property name="parser.mditamap"><string>com.elovirta.dita.markdown.MDitamapReader</string></property><property name="plugin.com.oxygenxml.dita.metrics.report.dir"><string>plugins/com.oxygenxml.dita.metrics.report</string></property><property name="org.dita.pdf2.i18n.enabled"><string>true</string></property><property name="generatecopyouter"><string>NOT_GENERATEOUTTER</string></property><property name="default.cascade"><string>merge</string></property><property name="plugin.com.oxygenxml.gsd.dir"><string>plugins/com.oxygenxml.gsd</string></property><property name="plugin.com.oxygenxml.zendesk.dir"><string>plugins/com.oxygenxml.zendesk</string></property><property name="plugin.org.dita.base.dir"><string>plugins/org.dita.base</string></property><property name="parser.wikidocs"><string>com.elovirta.dita.markdown.MarkdownReader</string></property><property name="plugindirs"><string>plugins;demo</string></property><property name="parser.mdita"><string>com.elovirta.dita.markdown.MDitaReader</string></property><property name="plugin.org.dita4publishers.json.dir"><string>plugins/org.dita4publishers.json</string></property><property name="plugin.org.dita4publishers.common.mapdriven.dir"><string>plugins/org.dita4publishers.common.mapdriven</string></property><property name="plugin.ignores"><string></string></property><property name="parser.html-to-dita"><string>com.oxygenxml.dynamic.resources.converter.HtmlConverterReader</string></property><property name="plugin.org.dita-community.common.xslt.dir"><string>plugins/org.dita-community.common.xslt</string></property><property name="user.input.file.uri"><string>_b_user_manual.ditamap</string></property><property name="plugin.org.dita4publishers.dita2indesign.dir"><string>plugins/org.dita4publishers.dita2indesign</string></property><property name="plugin.org.dita-community.dita13.pdf.dir"><string>plugins/org.dita-community.dita13.pdf</string></property><property name="plugin.org.dita4publishers.epub.dir"><string>plugins/org.dita4publishers.epub</string></property><property name="plugin.com.oxygenxml.dost.patches.dir"><string>plugins/com.oxygenxml.dost.patches</string></property><property name="plugin.com.oxygenxml.dita-ot.plugin.mathml.dir"><string>plugins/mathml</string></property><property name="registry"><string>https://plugins.dita-ot.org/</string></property><property name="plugin.org.dita.pdf2.axf.dir"><string>plugins/org.dita.pdf2.axf</string></property><property name="plugin.org.oasis-open.dita.v1_2.dir"><string>plugins/org.oasis-open.dita.v1_2</string></property><property name="plugin.com.oxygenxml.dynamic.resources.converter.dir"><string>plugins/com.oxygenxml.dynamic.resources.converter</string></property><property name="InputMapDir.uri"><string>file:/C:/wong/tech_writing/sample_output/audio_technica/at_dac100/_b_user_manual.ditamap</string></property><property name="parser.excel-to-dita"><string>com.oxygenxml.dynamic.resources.converter.ExcelConverterReader</string></property><property name="plugin.com.oxygenxml.html.embed.dir"><string>plugins/com.oxygenxml.html.embed</string></property><property name="plugin.org.dita4publishers.common.xslt.dir"><string>plugins/org.dita4publishers.common.xslt</string></property><property name="plugin.org.dita.pdf2.xep.dir"><string>plugins/org.dita.pdf2.xep</string></property><property name="plugin.org.dita4publishers.kindle.dir"><string>plugins/org.dita4publishers.kindle</string></property><property name="plugin.org.oasis-open.xdita.v0_3_0.dir"><string>plugins/org.oasis-open.xdita.v0_3_0</string></property><property name="plugin.org.oasis-open.dita.v2_0.dir"><string>plugins/org.oasis-open.dita.v2_0</string></property><property name="otversion"><string>4.1.1</string></property><property name="plugin.org.dita.html5.dublin-core.dir"><string>plugins/org.dita.html5.dublin-core</string></property><property name="parser.markdown"><string>com.elovirta.dita.markdown.MarkdownReader</string></property><files><file src="file:/C:/wong/tech_writing/sample_output/audio_technica/at_dac100/w_t_installing_product_horizontally.dita" uri="w_t_installing_product_horizontally.dita" path="w_t_installing_product_horizontally.dita" result="file:/C:/wong/tech_writing/sample_output/audio_technica/at_dac100/w_t_installing_product_horizontally.dita" format="dita" resource-only="true" target="true"></file><file src="file:/C:/wong/tech_writing/sample_output/audio_technica/at_dac100/_t_installing_product_horizontally.dita" uri="_t_installing_product_horizontally.dita" path="_t_installing_product_horizontally.dita" result="file:/C:/wong/tech_writing/sample_output/audio_technica/at_dac100/_t_installing_product_horizontally.dita" format="dita" has-keyref="true" has-conref="true" target="true"></file><file src="file:/C:/wong/tech_writing/sample_output/audio_technica/at_dac100/_c_package_contents.dita" uri="_c_package_contents.dita" path="_c_package_contents.dita" result="file:/C:/wong/tech_writing/sample_output/audio_technica/at_dac100/_c_package_contents.dita" format="dita" has-keyref="true" has-conref="true" target="true"></file><file src="file:/C:/wong/tech_writing/sample_output/audio_technica/at_dac100/w_r_dimensions_when_stands_are_attached.dita" uri="w_r_dimensions_when_stands_are_attached.dita" path="w_r_dimensions_when_stands_are_attached.dita" result="file:/C:/wong/tech_writing/sample_output/audio_technica/at_dac100/w_r_dimensions_when_stands_are_attached.dita" format="dita" resource-only="true" target="true"></file><file src="file:/C:/wong/tech_writing/sample_output/audio_technica/at_dac100/w_t_installing_product.dita" uri="w_t_installing_product.dita" path="w_t_installing_product.dita" result="file:/C:/wong/tech_writing/sample_output/audio_technica/at_dac100/w_t_installing_product.dita" format="dita" target="true"></file><file src="file:/C:/wong/tech_writing/sample_output/audio_technica/at_dac100/w_r_part_names_and_functions.dita" uri="w_r_part_names_and_functions.dita" path="w_r_part_names_and_functions.dita" result="file:/C:/wong/tech_writing/sample_output/audio_technica/at_dac100/w_r_part_names_and_functions.dita" format="dita" resource-only="true" target="true"></file><file src="file:/C:/wong/tech_writing/sample_output/audio_technica/at_dac100/w_r_specifications.dita" uri="w_r_specifications.dita" path="w_r_specifications.dita" result="file:/C:/wong/tech_writing/sample_output/audio_technica/at_dac100/w_r_specifications.dita" format="dita" resource-only="true" target="true"></file><file src="file:/C:/wong/tech_writing/sample_output/audio_technica/at_dac100/w_c_package_contents.dita" uri="w_c_package_contents.dita" path="w_c_package_contents.dita" result="file:/C:/wong/tech_writing/sample_output/audio_technica/at_dac100/w_c_package_contents.dita" format="dita" has-keyref="true" resource-only="true" target="true"></file><file src="file:/C:/wong/tech_writing/sample_output/audio_technica/at_dac100/_r_dimensions_when_feet_are_attached.dita" uri="_r_dimensions_when_feet_are_attached.dita" path="_r_dimensions_when_feet_are_attached.dita" result="file:/C:/wong/tech_writing/sample_output/audio_technica/at_dac100/_r_dimensions_when_feet_are_attached.dita" format="dita" has-keyref="true" has-conref="true" target="true"></file><file src="file:/C:/wong/tech_writing/sample_output/audio_technica/at_dac100/w_m_keys.ditamap" uri="w_m_keys.ditamap" path="w_m_keys.ditamap" result="file:/C:/wong/tech_writing/sample_output/audio_technica/at_dac100/w_m_keys.ditamap" format="ditamap" resource-only="true"></file><file src="file:/C:/wong/tech_writing/sample_output/audio_technica/at_dac100/_t_installing_product_vertically.dita" uri="_t_installing_product_vertically.dita" path="_t_installing_product_vertically.dita" result="file:/C:/wong/tech_writing/sample_output/audio_technica/at_dac100/_t_installing_product_vertically.dita" format="dita" has-keyref="true" has-conref="true" target="true"></file><file src="file:/C:/wong/tech_writing/sample_output/audio_technica/at_dac100/images/_i_dimension_when_stands_are_attached.png" uri="images/_i_dimension_when_stands_are_attached.png" path="images\_i_dimension_when_stands_are_attached.png" result="file:/C:/wong/tech_writing/sample_output/audio_technica/at_dac100/images/_i_dimension_when_stands_are_attached.png" format="image" resource-only="true"></file><file src="file:/C:/wong/tech_writing/sample_output/audio_technica/at_dac100/_c_preface.dita" uri="_c_preface.dita" path="_c_preface.dita" result="file:/C:/wong/tech_writing/sample_output/audio_technica/at_dac100/_c_preface.dita" format="dita" has-keyref="true" target="true"></file><file src="file:/C:/wong/tech_writing/sample_output/audio_technica/at_dac100/w_c_notes_on_use.dita" uri="w_c_notes_on_use.dita" path="w_c_notes_on_use.dita" result="file:/C:/wong/tech_writing/sample_output/audio_technica/at_dac100/w_c_notes_on_use.dita" format="dita" target="true"></file><file src="file:/C:/wong/tech_writing/sample_output/audio_technica/at_dac100/_r_dimensions_when_stands_are_attached.dita" uri="_r_dimensions_when_stands_are_attached.dita" path="_r_dimensions_when_stands_are_attached.dita" result="file:/C:/wong/tech_writing/sample_output/audio_technica/at_dac100/_r_dimensions_when_stands_are_attached.dita" format="dita" has-keyref="true" has-conref="true" target="true"></file><file src="file:/C:/wong/tech_writing/sample_output/audio_technica/at_dac100/_b_user_manual.ditamap" uri="_b_user_manual.ditamap" path="_b_user_manual.ditamap" result="file:/C:/wong/tech_writing/sample_output/audio_technica/at_dac100/_b_user_manual.ditamap" format="ditamap" has-keyref="true" input="true"></file><file src="file:/C:/wong/tech_writing/sample_output/audio_technica/at_dac100/w_r_dimensions_when_feet_are_attached.dita" uri="w_r_dimensions_when_feet_are_attached.dita" path="w_r_dimensions_when_feet_are_attached.dita" result="file:/C:/wong/tech_writing/sample_output/audio_technica/at_dac100/w_r_dimensions_when_feet_are_attached.dita" format="dita" resource-only="true" target="true"></file><file src="file:/C:/wong/tech_writing/sample_output/audio_technica/at_dac100/images/_i_using_the_product_making_connections.png" uri="images/_i_using_the_product_making_connections.png" path="images\_i_using_the_product_making_connections.png" result="file:/C:/wong/tech_writing/sample_output/audio_technica/at_dac100/images/_i_using_the_product_making_connections.png" format="image" resource-only="true"></file><file src="file:/C:/wong/tech_writing/sample_output/audio_technica/at_dac100/w_c_intro.dita" uri="w_c_intro.dita" path="w_c_intro.dita" result="file:/C:/wong/tech_writing/sample_output/audio_technica/at_dac100/w_c_intro.dita" format="dita" has-keyref="true" target="true"></file><file src="file:/C:/wong/tech_writing/sample_output/audio_technica/at_dac100/w_c_using_the_product_before_making_connections.dita" uri="w_c_using_the_product_before_making_connections.dita" path="w_c_using_the_product_before_making_connections.dita" result="file:/C:/wong/tech_writing/sample_output/audio_technica/at_dac100/w_c_using_the_product_before_making_connections.dita" format="dita" has-keyref="true" has-conref="true" target="true"></file><file src="file:/C:/wong/tech_writing/sample_output/audio_technica/at_dac100/_t_using_the_product_making_connections.dita" uri="_t_using_the_product_making_connections.dita" path="_t_using_the_product_making_connections.dita" result="file:/C:/wong/tech_writing/sample_output/audio_technica/at_dac100/_t_using_the_product_making_connections.dita" format="dita" has-keyref="true" has-conref="true" target="true"></file><file src="file:/C:/wong/tech_writing/sample_output/audio_technica/at_dac100/w_c_safety_precautions_canada_customers.dita" uri="w_c_safety_precautions_canada_customers.dita" path="w_c_safety_precautions_canada_customers.dita" result="file:/C:/wong/tech_writing/sample_output/audio_technica/at_dac100/w_c_safety_precautions_canada_customers.dita" format="dita" target="true"></file><file src="file:/C:/wong/tech_writing/sample_output/audio_technica/at_dac100/w_r_dimensions.dita" uri="w_r_dimensions.dita" path="w_r_dimensions.dita" result="file:/C:/wong/tech_writing/sample_output/audio_technica/at_dac100/w_r_dimensions.dita" format="dita" target="true"></file><file src="file:/C:/wong/tech_writing/sample_output/audio_technica/at_dac100/images/_i_installing_product_horizontally.png" uri="images/_i_installing_product_horizontally.png" path="images\_i_installing_product_horizontally.png" result="file:/C:/wong/tech_writing/sample_output/audio_technica/at_dac100/images/_i_installing_product_horizontally.png" format="image" resource-only="true"></file><file src="file:/C:/wong/tech_writing/sample_output/audio_technica/at_dac100/w_c_safety_precautions_impt_info.dita" uri="w_c_safety_precautions_impt_info.dita" path="w_c_safety_precautions_impt_info.dita" result="file:/C:/wong/tech_writing/sample_output/audio_technica/at_dac100/w_c_safety_precautions_impt_info.dita" format="dita" resource-only="true" target="true"></file><file src="file:/C:/wong/tech_writing/sample_output/audio_technica/at_dac100/w_topic_company_info.dita" uri="w_topic_company_info.dita" path="w_topic_company_info.dita" result="file:/C:/wong/tech_writing/sample_output/audio_technica/at_dac100/w_topic_company_info.dita" format="dita" has-keyref="true" resource-only="true" target="true"></file><file src="file:/C:/wong/tech_writing/sample_output/audio_technica/at_dac100/_c_safety_precautions_impt_info.dita" uri="_c_safety_precautions_impt_info.dita" path="_c_safety_precautions_impt_info.dita" result="file:/C:/wong/tech_writing/sample_output/audio_technica/at_dac100/_c_safety_precautions_impt_info.dita" format="dita" has-keyref="true" has-conref="true" target="true"></file><file src="file:/C:/wong/tech_writing/sample_output/audio_technica/at_dac100/w_c_safety_precautions_usa_customers.dita" uri="w_c_safety_precautions_usa_customers.dita" path="w_c_safety_precautions_usa_customers.dita" result="file:/C:/wong/tech_writing/sample_output/audio_technica/at_dac100/w_c_safety_precautions_usa_customers.dita" format="dita" has-keyref="true" has-conref="true" target="true"></file><file src="file:/C:/wong/tech_writing/sample_output/audio_technica/at_dac100/images/_i_package_contents.png" uri="images/_i_package_contents.png" path="images\_i_package_contents.png" result="file:/C:/wong/tech_writing/sample_output/audio_technica/at_dac100/images/_i_package_contents.png" format="image" resource-only="true"></file><file src="file:/C:/wong/tech_writing/sample_output/audio_technica/at_dac100/w_c_using_the_product.dita" uri="w_c_using_the_product.dita" path="w_c_using_the_product.dita" result="file:/C:/wong/tech_writing/sample_output/audio_technica/at_dac100/w_c_using_the_product.dita" format="dita" target="true"></file><file src="file:/C:/wong/tech_writing/sample_output/audio_technica/at_dac100/_r_part_names_and_functions.dita" uri="_r_part_names_and_functions.dita" path="_r_part_names_and_functions.dita" result="file:/C:/wong/tech_writing/sample_output/audio_technica/at_dac100/_r_part_names_and_functions.dita" format="dita" has-keyref="true" has-conref="true" target="true"></file><file src="file:/C:/wong/tech_writing/sample_output/audio_technica/at_dac100/_r_specifications.dita" uri="_r_specifications.dita" path="_r_specifications.dita" result="file:/C:/wong/tech_writing/sample_output/audio_technica/at_dac100/_r_specifications.dita" format="dita" has-keyref="true" has-conref="true" target="true"></file><file src="file:/C:/wong/tech_writing/sample_output/audio_technica/at_dac100/w_t_using_the_product_making_connections.dita" uri="w_t_using_the_product_making_connections.dita" path="w_t_using_the_product_making_connections.dita" result="file:/C:/wong/tech_writing/sample_output/audio_technica/at_dac100/w_t_using_the_product_making_connections.dita" format="dita" resource-only="true" target="true"></file><file src="file:/C:/wong/tech_writing/sample_output/audio_technica/at_dac100/_m_keys.ditamap" uri="_m_keys.ditamap" path="_m_keys.ditamap" result="file:/C:/wong/tech_writing/sample_output/audio_technica/at_dac100/_m_keys.ditamap" format="ditamap" resource-only="true"></file><file src="file:/C:/wong/tech_writing/sample_output/audio_technica/at_dac100/images/_i_part_names_and_functions.png" uri="images/_i_part_names_and_functions.png" path="images\_i_part_names_and_functions.png" result="file:/C:/wong/tech_writing/sample_output/audio_technica/at_dac100/images/_i_part_names_and_functions.png" format="image" resource-only="true"></file><file src="file:/C:/wong/tech_writing/sample_output/audio_technica/at_dac100/w_topic_modification_without_notice.dita" uri="w_topic_modification_without_notice.dita" path="w_topic_modification_without_notice.dita" result="file:/C:/wong/tech_writing/sample_output/audio_technica/at_dac100/w_topic_modification_without_notice.dita" format="dita" resource-only="true" target="true"></file><file src="file:/C:/wong/tech_writing/sample_output/audio_technica/at_dac100/w_topic_usb_trademark_info.dita" uri="w_topic_usb_trademark_info.dita" path="w_topic_usb_trademark_info.dita" result="file:/C:/wong/tech_writing/sample_output/audio_technica/at_dac100/w_topic_usb_trademark_info.dita" format="dita" resource-only="true" target="true"></file><file src="file:/C:/wong/tech_writing/sample_output/audio_technica/at_dac100/w_c_safety_precautions.dita" uri="w_c_safety_precautions.dita" path="w_c_safety_precautions.dita" result="file:/C:/wong/tech_writing/sample_output/audio_technica/at_dac100/w_c_safety_precautions.dita" format="dita" target="true"></file><file src="file:/C:/wong/tech_writing/sample_output/audio_technica/at_dac100/images/_i_dimension_when_feet_are_attached.png" uri="images/_i_dimension_when_feet_are_attached.png" path="images\_i_dimension_when_feet_are_attached.png" result="file:/C:/wong/tech_writing/sample_output/audio_technica/at_dac100/images/_i_dimension_when_feet_are_attached.png" format="image" resource-only="true"></file><file src="file:/C:/wong/tech_writing/sample_output/audio_technica/at_dac100/w_c_cleaning.dita" uri="w_c_cleaning.dita" path="w_c_cleaning.dita" result="file:/C:/wong/tech_writing/sample_output/audio_technica/at_dac100/w_c_cleaning.dita" format="dita" target="true"></file><file src="file:/C:/wong/tech_writing/sample_output/audio_technica/at_dac100/images/_i_installing_product_vertically.png" uri="images/_i_installing_product_vertically.png" path="images\_i_installing_product_vertically.png" result="file:/C:/wong/tech_writing/sample_output/audio_technica/at_dac100/images/_i_installing_product_vertically.png" format="image" resource-only="true"></file><file src="file:/C:/wong/tech_writing/sample_output/audio_technica/at_dac100/w_t_installing_product_vertically.dita" uri="w_t_installing_product_vertically.dita" path="w_t_installing_product_vertically.dita" result="file:/C:/wong/tech_writing/sample_output/audio_technica/at_dac100/w_t_installing_product_vertically.dita" format="dita" resource-only="true" target="true"></file></files></job>